"worksheet_well_sample","worksheet","well","sample","assay","variant_droplets","reference_droplets","variant_positives","reference_positives","fam_positives","double_positives","variant_concentration","reference_concentration","variant_copies_per20u_l_well","reference_copies_per20u_l_well","variant_fractional_abundance","variant_poisson_fractional_abundance_max","variant_poisson_fractional_abundance_min","sample_assay","ngs_percent","mosaic_miner_percent"
"21-3894_E01_21RG-098G0003","21-3894","E01","21RG-098G0003","PIK3CA_c.1633GA",22447,22447,250,7359,163,87,"13.2","467",264,9340,2.74,3.08,2.41,"21RG-098G0003_PIK3CA_c.1633GA",3,3
"21-3894_D07_21RG-294G0040","21-3894","D07","21RG-294G0040","SMO_c.1234CT",20770,20770,444,5794,326,118,"25.4","385",508,7700,6.2,6.8,5.6,"21RG-294G0040_SMO_c.1234CT",3,3
"21-3894_F04_21RG-181G0102","21-3894","F04","21RG-181G0102","PIK3CA_c.1033AG",22127,22127,347,5400,265,82,"18.6","329",372,6580,5.3,5.9,4.8,"21RG-181G0102_PIK3CA_c.1033AG",5,5
"21-4270_A01_21RG-026G0051","21-4270","A01","21RG-026G0051","GNAQ_c.548GA",23929,23929,263,6876,190,73,"13","399",260,7980,3.16,3.54,2.78,"21RG-026G0051_GNAQ_c.548GA",3,3
"21-4270_E10_21RG-124G0108","21-4270","E10","21RG-124G0108","PIK3CA_c.263GA",17758,17758,275,4481,193,82,"18.4","342",368,6840,5.1,5.7,4.5,"21RG-124G0108_PIK3CA_c.263GA",4,4
"21-4270_H04_21RG-062G0037","21-4270","H04","21RG-062G0037","PIK3CA_c.1357GA",21282,21282,289,4474,229,60,"16.1","278",322,5560,5.5,6.1,4.9,"21RG-062G0037_PIK3CA_c.1357GA",5,5
"21-4270_H07_21RG-075G0136","21-4270","H07","21RG-075G0136","PIK3CA_c.1624GA",19268,19268,221,8105,135,86,"13.6","642",272,12840,2.07,2.34,1.8,"21RG-075G0136_PIK3CA_c.1624GA",4,4
"21-4327_M01_21RG-160G0014","21-4327","M01","21RG-160G0014","PIK3CA_c.1633GA",46776,46776,186,16493,113,73,"4.7","512",NA,NA,0.91,1.04,0.78,"21RG-160G0014_PIK3CA_c.1633GA",0.8,NA
"21-4327_M02_21RG-203G0027","21-4327","M02","21RG-203G0027","PIK3CA_c.1633GA",47225,47225,367,11622,264,103,"9.2","332",NA,NA,2.69,2.96,2.42,"21RG-203G0027_PIK3CA_c.1633GA",2,2
"21-4327_M04_21RG-183G0048","21-4327","M04","21RG-183G0048","GNA11_c.547CT",46584,46584,208,7181,179,29,"5.3","197",NA,NA,2.6,2.95,2.25,"21RG-183G0048_GNA11_c.547CT",3,NA
"21-4327_M06_21RG-181G0113","21-4327","M06","21RG-181G0113","GNAQ_c.548GA",44185,44185,133,9462,99,34,"3.5","284",NA,NA,1.24,1.44,1.03,"21RG-181G0113_GNAQ_c.548GA",2,2
"21-4327_M07_21RG-236G0125","21-4327","M07","21RG-236G0125","PIK3CA_c.1624GA",43770,43770,210,17026,149,61,"5.7","580",NA,NA,0.97,1.1,0.84,"21RG-236G0125_PIK3CA_c.1624GA",1,1
"21-4327_M08_21RG-116G0098","21-4327","M08","21RG-116G0098","GNAS_c.602GA",43589,43589,261,17794,160,101,"7.1","617",NA,NA,1.13,1.27,1,"21RG-116G0098_GNAS_c.602GA",2,2
"21-4327_M09_21RG-166G0071","21-4327","M09","21RG-166G0071","GNAS_c.601CT",43544,43544,552,8893,430,122,"15","269",NA,NA,5.29,5.72,4.86,"21RG-166G0071_GNAS_c.601CT",4,4
"21-4327_M11_21RG-222G0084","21-4327","M11","21RG-222G0084","GNA11_c.547CT",44807,44807,544,9845,435,109,"14.4","292",NA,NA,4.69,5.08,4.31,"21RG-222G0084_GNA11_c.547CT",4,4
"21-4327_M13_21RG-219G0097","21-4327","M13","21RG-219G0097","PIK3CA_c.1624GA",44078,44078,139,17460,97,42,"3.7","593",NA,NA,0.62,0.73,0.52,"21RG-219G0097_PIK3CA_c.1624GA",1,1
"21-4327_M14_21RG-176G0154","21-4327","M14","21RG-176G0154","GNAS_c.602GA",45052,45052,602,5515,538,64,"15.8","153.6",NA,NA,9.3,10.1,8.6,"21RG-176G0154_GNAS_c.602GA",9,9
"21-4327_M15_21RG-237G0088","21-4327","M15","21RG-237G0088","GNAQ_c.548GA",44132,44132,108,23592,49,59,"2.9","900",NA,NA,0.32,0.38,0.26,"21RG-237G0088_GNAQ_c.548GA",0.5,NA
"21-4327_M16_21RG-097G0089","21-4327","M16","21RG-097G0089","GNA11_c.547CT",46142,46142,687,13574,477,210,"17.6","410",NA,NA,4.13,4.43,3.82,"21RG-097G0089_GNA11_c.547CT",4,4
"21-4327_M17_21RG-126G0085","21-4327","M17","21RG-126G0085","PIK3CA_c.1624GA",43824,43824,374,20945,231,143,"10.1","765",NA,NA,1.3,1.43,1.17,"21RG-126G0085_PIK3CA_c.1624GA",2,2
"21-4327_M18_21RG-162G0203","21-4327","M18","21RG-162G0203","GNAQ_c.548GA",45303,45303,832,17221,494,338,"21.8","563",NA,NA,3.73,3.98,3.48,"21RG-162G0203_GNAQ_c.548GA",5,5
"21-4327_M21_21RG-133G0090","21-4327","M21","21RG-133G0090","PIK3CA_c.1624GA",44328,44328,138,11856,109,29,"3.7","366",NA,NA,0.99,1.16,0.83,"21RG-133G0090_PIK3CA_c.1624GA",0.8,NA
"21-4327_C03_21RG-188G0052","21-4327","C03","21RG-188G0052","GNAQ_c.548GA",23242,23242,116,3226,102,14,"5.9","176",118,3520,3.2,3.8,2.7,"21RG-188G0052_GNAQ_c.548GA",5,5
"21-4391_E01_21RG-148G0177","21-4391","E01","21RG-148G0177","PIK3CA_c.3140AG",22963,22963,498,7736,338,160,"25.8","483",516,9660,5.07,5.5,4.63,"21RG-148G0177_PIK3CA_c.3140AG",4,4
"21-4391_A10_21RG-131G0239","21-4391","A10","21RG-131G0239","GNA11_c.626AT",23080,23080,337,3345,286,51,"17.3","184",346,3680,8.6,9.5,7.7,"21RG-131G0239_GNA11_c.626AT",8,8
"21-4391_D04_21RG-127G0070","21-4391","D04","21RG-127G0070","PIK3CA_c.2816AG",22177,22177,347,8614,223,124,"18.6","578",372,11560,3.11,3.43,2.78,"21RG-127G0070_PIK3CA_c.2816AG",3,3
"21-4391_H07_21RG-131G0252","21-4391","H07","21RG-131G0252","PIK3CA_c.1810TC",23221,23221,123,1936,115,8,"6.2","102.4",124,2048,5.7,6.7,4.8,"21RG-131G0252_PIK3CA_c.1810TC",7,7
"21-4435_E01_21RG-209G0050","21-4435","E01","21RG-209G0050","PIK3CA_c.1634AG",24071,24071,338,5672,255,83,"16.6","316",332,6320,5,5.5,4.5,"21RG-209G0050_PIK3CA_c.1634AG",5,5
"21-4435_B07_21RG-202G0014","21-4435","B07","21RG-202G0014","MAP2K1_c.607GA",22525,22525,214,5361,175,39,"11.2","320",224,6400,3.39,3.84,2.94,"21RG-202G0014_MAP2K1_c.607GA",4,4
"21-4435_C04_21RG-105G0179","21-4435","C04","21RG-105G0179","MAP2K1_c.171GT",23564,23564,300,4113,246,54,"15.1","226",302,4520,6.3,6.9,5.6,"21RG-105G0179_MAP2K1_c.171GT",6,6
"21-4435_D10_20RG-337G0080","21-4435","D10","20RG-337G0080","PIK3CA_c.1030GA",20149,20149,459,6043,316,143,"27.1","419",542,8380,6.1,6.6,5.5,"20RG-337G0080_PIK3CA_c.1030GA",6,6
"21-4459_M01_21RG-278G0028","21-4459","M01","21RG-278G0028","GNAQ_c.548GA",45027,45027,622,17601,406,216,"16.4","583",NA,NA,2.73,2.94,2.52,"21RG-278G0028_GNAQ_c.548GA",4,4
"21-4459_M03_21RG-295G0047","21-4459","M03","21RG-295G0047","GNAQ_c.548GA",45855,45855,50,2462,49,1,"1.28","64.9",NA,NA,1.9,2.5,1.4,"21RG-295G0047_GNAQ_c.548GA",3,3
"21-4459_M04_21RG-295G0049","21-4459","M04","21RG-295G0049","GNAQ_c.548GA",46241,46241,64,1574,58,6,"1.63","40.7",NA,NA,3.8,4.8,2.9,"21RG-295G0049_GNAQ_c.548GA",3,3
"21-4459_M10_21RG-134G0113","21-4459","M10","21RG-134G0113","PIK3CA_c.3140AG",43642,43642,974,8709,782,192,"26.6","262",NA,NA,9.2,9.8,8.7,"21RG-134G0113_PIK3CA_c.3140AG",9,9
